{"cameraMode":{"drawMode":0,"name":"Shaded","section":"Shading Mode"},"sceneLighting":false,"audioPlay":false,"sceneViewState":{"m_AlwaysRefresh":false,"showFog":true,"showSkybox":false,"showFlares":true,"showImageEffects":true,"showParticleSystems":true,"showVisualEffectGraphs":true,"m_FxEnabled":true},"in2DMode":false,"pivot":{"x":-4.036311149597168,"y":-0.36191320419311526,"z":16.476343154907228},"rotation":{"x":-0.027142001315951349,"y":0.9480145573616028,"z":-0.08411611616611481,"w":-0.3057643175125122},"size":10.203570365905762,"orthographic":false}